#Time,X,Y,Z,CONF
000043.220,0.54,0.89,0.29,55
000043.320,0.54,0.90,0.31,60
000043.420,0.52,0.92,0.34,49
000043.520,0.51,0.92,0.35,56
000043.620,0.55,0.87,0.23,96
000043.720,0.54,0.88,0.27,60
000043.820,0.52,0.90,0.29,56
000043.920,0.52,0.89,0.32,54
000044.020,0.51,0.91,0.34,52
000044.120,0.57,0.85,0.15,62
000044.220,0.60,0.82,0.00,64
000044.320,0.58,0.83,0.07,74
000044.420,0.58,0.83,0.09,85
000044.520,0.56,0.85,0.17,58
000044.620,0.59,0.83,0.01,62
000044.720,0.60,0.81,-0.02,96
000044.820,0.61,0.79,-0.08,83
000044.920,0.62,0.78,-0.12,83
000045.020,0.58,0.82,-0.01,60
000045.120,0.59,0.80,-0.09,78
000045.220,0.57,0.83,0.03,60
000045.320,0.61,0.79,-0.08,68
000045.420,0.57,0.83,0.03,55
000045.520,0.59,0.81,-0.04,85
000045.620,0.56,0.83,0.07,54
000045.720,0.54,0.86,0.14,57
000045.820,0.49,0.91,0.21,34
000045.920,0.49,0.91,0.24,60
000046.020,0.55,0.86,0.08,67
000046.120,0.58,0.82,-0.02,80
000046.220,0.59,0.81,-0.07,85
000046.320,0.61,0.78,-0.12,87
000046.420,0.62,0.77,-0.14,87
000046.520,0.63,0.77,-0.14,96
000046.620,0.60,0.80,-0.00,57
000046.720,0.57,0.83,0.10,55
000046.820,0.54,0.86,0.17,52
000046.920,0.57,0.83,0.11,97
000047.020,0.61,0.80,-0.02,65
000047.120,0.59,0.83,0.08,59
000047.220,0.57,0.84,0.17,55
000047.320,0.55,0.85,0.23,53
000047.420,0.57,0.81,0.12,89
000047.520,0.54,0.84,0.18,54
000047.620,0.53,0.85,0.25,54
000047.720,0.52,0.87,0.27,60
000047.820,0.58,0.83,0.10,66
000047.920,0.60,0.80,0.02,87
000048.020,0.59,0.81,0.05,85
000048.130,0.57,0.83,0.14,60
000048.230,0.58,0.80,0.02,78
000048.330,0.55,0.84,0.10,57
000048.430,0.56,0.85,0.18,61
000048.530,0.54,0.87,0.22,56
000048.630,0.57,0.84,0.12,90
000048.730,0.60,0.82,-0.01,66
000048.830,0.60,0.83,0.03,87
000048.930,0.58,0.84,0.09,74
000049.030,0.62,0.80,-0.04,65
000049.130,0.64,0.78,-0.09,86
000049.230,0.65,0.76,-0.10,94
000049.330,0.68,0.75,-0.18,67
000049.430,0.62,0.80,-0.23,52
000049.530,0.59,0.83,-0.08,54
000049.630,0.62,0.80,-0.17,62
000049.730,0.58,0.83,-0.03,56
000049.830,0.62,0.79,-0.08,88
000049.930,0.62,0.78,-0.11,89
000050.030,0.64,0.76,-0.19,63
000050.130,0.66,0.75,-0.26,62
000050.230,0.63,0.77,-0.11,67
000050.330,0.64,0.76,-0.11,95
000050.430,0.65,0.76,-0.10,97
000050.530,0.65,0.75,-0.14,84
000050.630,0.61,0.80,-0.03,60
000050.730,0.62,0.79,-0.04,96
000050.830,0.63,0.78,-0.07,94
000050.930,0.61,0.82,0.05,57
000051.030,0.64,0.79,-0.07,65
000051.130,0.61,0.82,0.05,56
000051.230,0.59,0.83,0.08,84
000051.330,0.63,0.79,-0.04,68
000051.430,0.66,0.78,-0.13,64
000051.530,0.66,0.77,-0.15,88
000051.630,0.62,0.81,-0.21,58
000051.730,0.64,0.78,-0.22,86
000051.830,0.65,0.78,-0.27,63
000051.930,0.64,0.77,-0.27,83
000052.030,0.60,0.81,-0.11,59
000052.130,0.58,0.83,0.02,58
000052.230,0.57,0.84,0.11,62
000052.330,0.55,0.87,0.17,56
000052.430,0.58,0.84,0.06,84
000052.530,0.55,0.85,0.15,52
000052.630,0.54,0.86,0.22,54
000052.730,0.54,0.86,0.17,88
000052.840,0.58,0.83,0.08,89
000052.940,0.56,0.86,0.15,56
000053.040,0.55,0.86,0.22,57
000053.140,0.57,0.83,0.09,82
000053.240,0.61,0.80,-0.03,64
000053.340,0.58,0.83,0.06,60
000053.440,0.55,0.86,0.13,58
000053.540,0.58,0.83,0.06,94
000053.640,0.59,0.80,-0.02,83
000053.740,0.56,0.83,0.09,53
000053.840,0.54,0.85,0.16,58
000053.940,0.53,0.86,0.22,53
000054.040,0.52,0.88,0.26,60
000054.140,0.55,0.85,0.14,87
000054.240,0.53,0.87,0.18,58
000054.340,0.52,0.88,0.23,60
000054.440,0.55,0.85,0.08,72
000054.540,0.56,0.85,0.10,86
000054.640,0.59,0.81,0.02,87
000054.740,0.61,0.79,-0.06,83
000054.840,0.62,0.77,-0.10,86
000054.940,0.58,0.81,0.02,51
000055.040,0.59,0.79,-0.09,63
000055.140,0.60,0.78,-0.12,87
000055.240,0.59,0.80,0.01,59
000055.340,0.61,0.78,-0.05,86
000055.440,0.59,0.80,0.07,55
000055.540,0.62,0.78,0.03,97
000055.640,0.63,0.76,-0.05,80
000055.740,0.64,0.74,-0.14,66
000055.840,0.59,0.79,-0.00,46
000055.940,0.61,0.78,-0.11,64
000056.040,0.57,0.82,0.02,54
000056.140,0.59,0.80,0.09,78
000056.240,0.56,0.83,0.16,58
000056.340,0.54,0.86,0.19,62
000056.440,0.56,0.84,0.08,85
000056.540,0.59,0.82,-0.04,63
000056.640,0.56,0.85,0.05,61
000056.740,0.56,0.86,0.13,61
000056.840,0.60,0.84,0.04,86
000056.940,0.57,0.86,0.13,53
000057.040,0.54,0.88,0.19,56
000057.140,0.57,0.85,0.08,84
000057.240,0.61,0.81,-0.03,76
000057.340,0.63,0.79,-0.06,92
000057.440,0.65,0.77,-0.07,96
000057.540,0.64,0.76,-0.12,84
000057.650,0.61,0.80,0.02,53
000057.750,0.61,0.80,0.11,63
000057.850,0.62,0.79,-0.02,63
000057.950,0.58,0.83,0.07,58
000058.050,0.56,0.86,0.15,54
000058.150,0.59,0.83,0.09,97
000058.250,0.62,0.80,-0.04,63
000058.350,0.62,0.80,-0.11,74
000058.450,0.58,0.83,0.02,52
000058.550,0.59,0.81,-0.06,81
000058.650,0.61,0.79,-0.10,88
000058.750,0.58,0.83,0.02,59
000058.850,0.56,0.85,0.12,52
000058.950,0.55,0.86,0.18,61
000059.050,0.59,0.83,0.03,64
000059.150,0.57,0.84,0.13,52
000059.250,0.58,0.82,0.07,95
000059.350,0.56,0.86,0.13,60
000059.450,0.58,0.81,0.04,86
000059.550,0.60,0.80,-0.08,63
000059.650,0.57,0.83,0.03,56
000059.750,0.54,0.85,0.13,51
000059.850,0.54,0.87,0.17,67
000059.950,0.57,0.84,0.06,83
000060.050,0.56,0.85,0.15,56
000060.150,0.58,0.83,0.05,82
000060.250,0.59,0.81,-0.03,83
000060.350,0.57,0.84,0.06,62
000060.450,0.60,0.81,-0.06,65
000060.550,0.57,0.84,0.05,53
000060.650,0.54,0.86,0.14,52
000060.750,0.58,0.84,0.01,68
000060.850,0.60,0.81,-0.04,93
000060.950,0.58,0.83,0.08,56
000061.050,0.54,0.85,0.16,49
000061.150,0.58,0.88,0.06,75
000061.250,0.61,0.84,-0.03,79
000061.350,0.58,0.87,0.07,52
000061.450,0.61,0.84,-0.05,68
000061.550,0.57,0.87,0.05,56
000061.650,0.62,0.83,-0.06,68
000061.750,0.63,0.81,-0.15,62
000061.850,0.60,0.84,-0.02,55
000061.950,0.55,0.86,0.08,53
000062.050,0.53,0.88,0.16,52
000062.150,0.52,0.89,0.23,51
000062.250,0.56,0.84,0.10,83
000062.350,0.54,0.87,0.18,54
000062.450,0.54,0.87,0.24,54
000062.550,0.57,0.83,0.13,89
000062.660,0.61,0.81,-0.00,67
000062.760,0.63,0.78,-0.01,98
000062.860,0.59,0.82,0.07,61
000062.960,0.62,0.80,-0.05,65
000063.060,0.63,0.79,-0.15,62
000063.160,0.65,0.77,-0.15,94
000063.260,0.62,0.80,-0.01,56
000063.360,0.65,0.77,-0.11,63
000063.460,0.66,0.76,-0.09,98
000063.560,0.67,0.76,0.04,64
000063.660,0.64,0.80,-0.08,55
000063.760,0.59,0.83,0.03,60
000063.860,0.62,0.79,-0.04,85
000063.960,0.64,0.77,-0.09,88
000064.060,0.64,0.76,-0.12,91
000064.160,0.66,0.75,-0.19,64
000064.260,0.67,0.75,-0.10,89
000064.360,0.63,0.79,-0.17,56
000064.460,0.65,0.77,-0.13,99
000064.560,0.66,0.75,-0.21,65
000064.660,0.62,0.79,-0.06,59
000064.760,0.58,0.83,0.05,53
000064.860,0.62,0.79,0.03,98
000064.960,0.64,0.78,-0.09,62
000065.060,0.66,0.76,-0.18,63
000065.160,0.63,0.78,-0.17,83
000065.260,0.65,0.77,-0.15,96
000065.360,0.60,0.81,-0.02,54
000065.460,0.58,0.83,0.09,57
000065.560,0.60,0.82,-0.04,64
000065.660,0.59,0.82,0.01,86
000065.760,0.60,0.80,-0.05,88
000065.860,0.61,0.82,0.06,62
000065.960,0.57,0.84,0.14,56
000066.060,0.59,0.81,0.03,79
000066.160,0.56,0.83,0.13,52
000066.260,0.55,0.85,0.20,55
000066.360,0.59,0.81,0.08,84
000066.460,0.57,0.84,0.15,61
000066.560,0.60,0.80,0.07,93
000066.660,0.60,0.80,0.09,91
000066.760,0.62,0.78,0.01,87
000066.860,0.65,0.76,-0.03,95
000066.960,0.67,0.75,-0.13,62
000067.060,0.69,0.74,0.01,65
000067.160,0.68,0.76,0.09,74
000067.260,0.64,0.80,-0.03,58
000067.360,0.64,0.79,-0.12,67
000067.460,0.60,0.82,0.01,51
000067.570,0.63,0.81,-0.09,66
000067.670,0.59,0.85,0.02,54
000067.770,0.60,0.82,-0.05,83
000067.870,0.61,0.80,-0.10,86
000067.970,0.57,0.83,0.01,61
000068.070,0.56,0.81,0.05,93
000068.170,0.58,0.79,-0.03,87
000068.270,0.57,0.81,0.09,56
000068.370,0.60,0.79,0.04,96
000068.470,0.56,0.81,0.13,55
000068.570,0.59,0.80,-0.01,62
000068.670,0.57,0.83,0.08,61
000068.770,0.60,0.80,-0.04,65
000068.870,0.62,0.78,-0.10,83
000068.970,0.59,0.80,-0.03,80
000069.070,0.62,0.79,-0.13,66
000069.170,0.60,0.79,-0.02,76
000069.270,0.58,0.82,0.09,53
000069.370,0.60,0.80,-0.04,64
000069.470,0.60,0.79,0.03,83
000069.570,0.57,0.81,0.12,57
000069.670,0.56,0.84,0.19,59
000069.770,0.55,0.85,0.18,81
000069.870,0.53,0.87,0.22,58
000069.970,0.57,0.83,0.10,84
000070.070,0.54,0.84,0.11,81
000070.170,0.52,0.86,0.18,52
000070.270,0.56,0.82,0.07,86
000070.370,0.54,0.84,0.16,53
000070.470,0.57,0.82,0.09,95
000070.570,0.59,0.79,-0.02,77
000070.670,0.57,0.82,0.09,55
000070.770,0.56,0.85,0.17,53
000070.870,0.57,0.83,0.05,78
000070.970,0.55,0.86,0.12,58
000071.070,0.59,0.82,-0.00,69
000071.170,0.56,0.85,0.10,52
000071.270,0.53,0.87,0.17,52
000071.370,0.52,0.88,0.21,61
000071.470,0.57,0.84,0.15,98
000071.570,0.59,0.83,0.04,81
000071.670,0.61,0.81,-0.07,67
000071.770,0.63,0.81,-0.15,67
000071.870,0.60,0.84,-0.01,54
000071.970,0.61,0.82,-0.09,76
000072.070,0.63,0.79,-0.18,63
000072.170,0.60,0.82,-0.04,59
000072.270,0.63,0.80,-0.14,62
000072.370,0.63,0.78,-0.18,81
000072.470,0.60,0.82,-0.03,50
000072.580,0.62,0.80,-0.03,98
000072.680,0.60,0.81,0.01,86
000072.780,0.57,0.84,0.10,57
000072.880,0.54,0.87,0.17,54
000072.980,0.58,0.83,0.11,97
000073.080,0.56,0.86,0.16,60
000073.180,0.54,0.88,0.22,53
000073.280,0.52,0.89,0.25,56
000073.380,0.57,0.84,0.09,69
000073.480,0.59,0.81,-0.03,68
000073.580,0.60,0.79,-0.07,91
000073.680,0.61,0.77,-0.07,97
000073.780,0.63,0.76,-0.16,63
000073.880,0.64,0.76,-0.22,67
000073.980,0.61,0.79,-0.06,53
000074.080,0.63,0.78,-0.15,64
000074.180,0.60,0.81,-0.01,56
000074.280,0.58,0.84,0.09,54
000074.380,0.60,0.82,0.04,94
000074.480,0.57,0.85,0.12,54
000074.580,0.57,0.84,0.16,78
000074.680,0.59,0.82,0.04,78
000074.780,0.56,0.84,0.13,57
000074.880,0.56,0.85,0.19,61
000074.980,0.59,0.82,0.07,80
000075.080,0.57,0.84,0.16,55
000075.180,0.60,0.82,0.08,94
000075.280,0.62,0.79,-0.01,81
000075.380,0.60,0.81,0.09,60
000075.480,0.56,0.84,0.16,56
000075.580,0.58,0.83,0.19,81
000075.680,0.59,0.81,0.10,91
000075.780,0.56,0.84,0.17,57
000075.880,0.56,0.84,0.16,85
000075.980,0.54,0.86,0.20,60
000076.080,0.55,0.84,0.22,82
000076.180,0.54,0.85,0.27,55
000076.280,0.59,0.83,0.10,66
000076.380,0.62,0.80,0.07,98
000076.480,0.59,0.83,0.15,59
000076.580,0.61,0.81,0.01,66
000076.680,0.62,0.79,-0.05,89
000076.780,0.62,0.79,-0.12,75
000076.880,0.62,0.79,-0.16,79
000076.980,0.65,0.77,-0.16,93
000077.080,0.62,0.80,-0.01,55
000077.180,0.65,0.77,-0.05,93
000077.280,0.66,0.77,-0.14,62
000077.380,0.67,0.76,-0.16,90
000077.490,0.63,0.80,-0.22,55
000077.590,0.59,0.83,-0.07,53
000077.690,0.62,0.79,-0.10,91
000077.790,0.63,0.78,-0.09,98
000077.890,0.60,0.81,0.04,54
000077.990,0.56,0.84,0.14,49
000078.090,0.58,0.86,0.06,87
000078.190,0.56,0.88,0.14,58
000078.290,0.59,0.84,0.05,89
000078.390,0.61,0.82,0.00,93
000078.490,0.63,0.80,-0.10,65
000078.590,0.59,0.84,0.01,55
000078.690,0.61,0.81,-0.10,63
000078.790,0.58,0.84,0.02,55
000078.890,0.57,0.86,0.13,53
000078.990,0.60,0.82,0.05,92
000079.090,0.58,0.85,0.14,53
000079.190,0.60,0.85,0.04,78
000079.290,0.62,0.82,-0.01,92
000079.390,0.63,0.80,-0.12,64
000079.490,0.63,0.78,-0.19,67
000079.590,0.66,0.76,-0.25,63
000079.690,0.66,0.75,-0.23,92
000079.790,0.64,0.78,-0.21,84
000079.890,0.65,0.77,-0.20,94
000079.990,0.65,0.77,-0.25,65
000080.090,0.61,0.81,-0.10,60
000080.190,0.59,0.84,0.01,62
000080.290,0.56,0.86,0.11,51
000080.390,0.53,0.88,0.19,49
000080.490,0.52,0.90,0.24,50
000080.590,0.57,0.86,0.08,64
000080.690,0.59,0.83,0.03,94
000080.790,0.60,0.82,-0.03,88
000080.890,0.57,0.83,0.08,55
000080.990,0.59,0.80,-0.01,82
000081.090,0.62,0.78,-0.05,92
000081.190,0.64,0.77,-0.08,92
000081.290,0.66,0.75,-0.17,62
000081.390,0.68,0.74,-0.02,64
000081.490,0.70,0.73,0.09,62
000081.590,0.64,0.78,-0.02,55
000081.690,0.66,0.76,-0.05,95
000081.790,0.67,0.76,-0.13,71
000081.890,0.69,0.75,0.02,62
000081.990,0.63,0.80,-0.08,55
000082.090,0.64,0.76,-0.15,71
000082.190,0.66,0.75,-0.22,66
000082.290,0.65,0.77,-0.22,81
000082.400,0.60,0.81,-0.07,56
000082.500,0.57,0.84,0.04,56
000082.600,0.60,0.81,-0.07,65
000082.700,0.57,0.84,0.05,50
000082.800,0.59,0.82,-0.04,79
000082.900,0.63,0.79,-0.13,67
000083.000,0.64,0.78,-0.21,63
000083.100,0.60,0.82,-0.06,56
000083.200,0.57,0.85,0.03,61
000083.300,0.57,0.84,0.10,75
000083.400,0.61,0.81,-0.02,71
000083.500,0.62,0.79,-0.05,94
000083.600,0.63,0.77,-0.11,80
000083.700,0.60,0.81,0.01,58
000083.800,0.58,0.84,0.10,62
000083.900,0.60,0.81,0.01,85
000084.000,0.59,0.83,0.05,81
000084.100,0.56,0.85,0.11,63
000084.200,0.61,0.82,-0.02,64
000084.300,0.57,0.84,0.08,55
000084.400,0.55,0.85,0.17,53
000084.500,0.55,0.86,0.23,56
000084.600,0.59,0.82,0.12,88
000084.700,0.60,0.79,0.00,75
000084.800,0.62,0.79,-0.03,93
000084.900,0.63,0.78,-0.07,90
000085.000,0.59,0.82,0.03,59
000085.100,0.61,0.80,-0.03,88
000085.200,0.58,0.83,0.07,57
000085.300,0.56,0.84,0.11,75
000085.400,0.55,0.86,0.19,54
000085.500,0.54,0.88,0.23,59
000085.600,0.57,0.84,0.12,89
000085.700,0.55,0.86,0.17,59
000085.800,0.58,0.83,0.06,81
000085.900,0.59,0.82,-0.04,75
000086.000,0.57,0.85,0.07,55
000086.100,0.55,0.86,0.16,52
000086.200,0.54,0.88,0.22,53
000086.300,0.55,0.87,0.22,81
000086.400,0.56,0.88,0.27,57
000086.500,0.53,0.90,0.30,52
000086.600,0.52,0.89,0.25,82
000086.700,0.52,0.90,0.30,52
000086.800,0.54,0.86,0.27,88
000086.900,0.56,0.83,0.14,85
000087.000,0.55,0.85,0.21,56
000087.100,0.58,0.82,0.09,85
000087.200,0.59,0.80,0.01,87
000087.300,0.57,0.84,0.09,60
000087.410,0.60,0.82,0.02,90
000087.510,0.54,0.89,0.11,33
000087.610,0.52,0.90,0.18,54
000087.710,0.54,0.87,0.07,83
000087.810,0.56,0.85,-0.01,83
000087.910,0.56,0.84,0.08,69
000088.010,0.59,0.82,0.03,96
000088.110,0.60,0.80,-0.03,87
000088.210,0.57,0.84,0.07,55
000088.310,0.60,0.81,-0.06,64
000088.410,0.63,0.79,-0.07,96
000088.510,0.60,0.81,-0.03,84
000088.610,0.57,0.84,0.07,56
000088.710,0.60,0.82,-0.05,64
000088.810,0.61,0.81,-0.10,85
000088.910,0.62,0.78,-0.13,88
000089.010,0.60,0.80,-0.06,82
000089.110,0.60,0.79,-0.12,78
000089.210,0.59,0.81,0.02,55
000089.310,0.61,0.79,-0.09,63
000089.410,0.60,0.81,0.03,59
000089.510,0.57,0.85,0.12,55
000089.610,0.56,0.86,0.15,74
000089.710,0.56,0.88,0.22,55
000089.810,0.58,0.85,0.11,89
000089.910,0.57,0.86,0.19,58
000090.010,0.61,0.83,0.03,63
000090.110,0.63,0.79,-0.09,63
000090.210,0.63,0.78,-0.15,74
000090.310,0.61,0.80,-0.01,57
000090.410,0.59,0.84,0.09,56
000090.510,0.61,0.81,0.02,92
000090.610,0.58,0.85,0.11,53
000090.710,0.63,0.82,-0.01,68
000090.810,0.63,0.80,-0.07,86
000090.910,0.62,0.83,-0.00,78
000091.010,0.61,0.81,-0.06,83
000091.110,0.62,0.78,-0.12,82
000091.210,0.63,0.77,-0.20,65
000091.310,0.64,0.77,-0.25,64
000091.410,0.63,0.79,-0.09,62
000091.510,0.62,0.81,0.04,59
000091.610,0.62,0.80,-0.06,73
000091.710,0.65,0.78,-0.15,64
000091.810,0.61,0.82,-0.04,62
000091.910,0.58,0.85,0.07,53
000092.010,0.56,0.88,0.14,58
000092.110,0.55,0.88,0.20,62
000092.210,0.59,0.83,0.10,91
000092.310,0.60,0.82,0.01,84
000092.420,0.57,0.85,0.11,52
000092.520,0.56,0.86,0.18,59
000092.620,0.59,0.83,0.03,65
000092.720,0.61,0.81,-0.03,89
000092.820,0.59,0.83,-0.00,86
000092.920,0.57,0.84,0.11,54
000093.020,0.60,0.81,0.04,92
000093.120,0.62,0.79,-0.02,90
000093.220,0.60,0.80,0.04,81
000093.320,0.63,0.78,-0.07,66
000093.420,0.64,0.77,-0.13,82
000093.520,0.61,0.80,0.00,58
000093.620,0.58,0.82,0.10,56
000093.720,0.55,0.85,0.17,57
000093.820,0.54,0.86,0.22,60
000093.920,0.52,0.88,0.26,54
000094.020,0.53,0.88,0.30,56
000094.120,0.57,0.84,0.18,91
000094.220,0.60,0.81,0.11,96
000094.320,0.59,0.84,0.19,53
000094.420,0.59,0.81,0.21,81
000094.520,0.61,0.80,0.09,80
000094.620,0.59,0.82,0.17,57
000094.720,0.58,0.83,0.23,60
000094.820,0.60,0.80,0.14,95
000094.920,0.59,0.82,0.16,79
000095.020,0.55,0.85,0.21,53
000095.120,0.57,0.82,0.10,88
000095.220,0.60,0.80,-0.02,67
000095.320,0.62,0.78,-0.06,92
000095.420,0.58,0.83,0.03,61
000095.520,0.56,0.85,0.11,62
000095.620,0.55,0.86,0.17,62
000095.720,0.56,0.84,0.19,84
000095.820,0.58,0.82,0.07,81
000095.920,0.60,0.80,-0.01,85
000096.020,0.57,0.83,0.08,61
000096.120,0.60,0.80,-0.00,85
000096.220,0.61,0.79,-0.03,95
000096.320,0.65,0.77,-0.13,63
000096.420,0.60,0.81,-0.01,56
000096.520,0.58,0.84,0.09,57
000096.620,0.56,0.86,0.16,55
000096.720,0.54,0.87,0.23,53
000096.820,0.58,0.84,0.06,62
000096.920,0.57,0.84,0.13,70
000097.020,0.61,0.82,-0.01,62
000097.120,0.62,0.79,-0.08,84
000097.220,0.62,0.81,-0.04,90
000097.330,0.59,0.83,0.07,55
000097.430,0.63,0.79,-0.04,70
000097.530,0.62,0.81,0.05,73
000097.630,0.65,0.78,-0.07,66
000097.730,0.66,0.77,-0.10,89
000097.830,0.62,0.80,0.02,59
000097.930,0.61,0.83,0.12,55
000098.030,0.57,0.85,0.19,54
000098.130,0.61,0.82,0.12,96
000098.230,0.57,0.85,0.18,58
000098.330,0.59,0.82,0.07,87
000098.430,0.62,0.79,-0.01,84
000098.530,0.65,0.77,-0.11,64
000098.630,0.67,0.75,-0.19,64
000098.730,0.67,0.76,-0.06,76
000098.830,0.61,0.81,-0.14,54
000098.930,0.60,0.82,-0.07,87
000099.030,0.58,0.85,0.05,53
000099.130,0.60,0.82,-0.04,81
000099.230,0.56,0.85,0.07,52
000099.330,0.56,0.86,0.11,77
000099.430,0.54,0.88,0.17,59
000099.530,0.54,0.89,0.23,55
000099.630,0.53,0.90,0.27,55
000099.730,0.57,0.86,0.09,62
000099.830,0.54,0.88,0.16,55
000099.930,0.54,0.88,0.15,85
000100.030,0.54,0.88,0.20,62
000100.130,0.59,0.85,0.04,62
000100.230,0.60,0.82,-0.03,85
000100.330,0.61,0.80,-0.07,92
000100.430,0.58,0.84,0.03,60
000100.530,0.61,0.81,-0.00,95
000100.630,0.63,0.79,-0.06,88
000100.730,0.60,0.82,0.05,62
000100.830,0.58,0.82,0.08,81
000100.930,0.56,0.85,0.15,58
000101.030,0.59,0.82,0.01,65
000101.130,0.59,0.83,0.09,68
000101.230,0.60,0.81,0.01,86
000101.330,0.62,0.80,-0.03,93
000101.430,0.60,0.84,0.08,57
000101.530,0.60,0.83,0.12,80
000101.630,0.58,0.84,0.19,62
000101.730,0.60,0.82,0.07,83
000101.830,0.63,0.81,-0.05,61
000101.930,0.63,0.80,-0.10,87
000102.030,0.63,0.80,0.00,78
000102.130,0.63,0.78,-0.05,89
000102.240,0.65,0.75,-0.07,95
000102.340,0.61,0.79,0.05,54
000102.440,0.59,0.82,0.13,58
000102.540,0.56,0.85,0.20,51
000102.640,0.59,0.83,0.05,66
000102.740,0.62,0.80,-0.07,62
000102.840,0.60,0.82,-0.02,83
000102.940,0.58,0.83,0.09,56
000103.040,0.61,0.80,0.02,90
000103.140,0.58,0.81,0.11,60
000103.240,0.58,0.81,0.17,71
000103.340,0.60,0.80,0.02,65
000103.440,0.57,0.84,0.09,61
000103.540,0.61,0.81,-0.03,68
000103.640,0.58,0.84,0.07,56
000103.740,0.55,0.85,0.16,53
000103.840,0.53,0.87,0.22,54
000103.940,0.57,0.83,0.06,64
000104.040,0.61,0.81,0.01,93
000104.140,0.61,0.81,0.06,87
000104.240,0.60,0.82,0.15,58
000104.340,0.58,0.83,0.21,58
000104.440,0.60,0.82,0.14,96
000104.540,0.62,0.80,0.04,85
000104.640,0.59,0.84,0.12,56
000104.740,0.59,0.81,0.03,84
000104.840,0.56,0.84,0.13,52
000104.940,0.60,0.81,-0.01,62
000105.040,0.61,0.80,-0.09,76
000105.140,0.58,0.83,0.03,54
000105.240,0.60,0.80,-0.05,82
000105.340,0.61,0.79,-0.11,82
000105.440,0.58,0.81,0.03,54
000105.540,0.56,0.83,0.12,59
000105.640,0.56,0.83,0.13,87
000105.740,0.54,0.85,0.18,59
000105.840,0.53,0.87,0.24,53
000105.940,0.58,0.83,0.07,63
000106.040,0.56,0.85,0.10,75
000106.140,0.58,0.82,0.05,96
000106.240,0.61,0.80,0.02,97
000106.340,0.59,0.82,0.11,63
000106.440,0.62,0.79,0.05,96
000106.540,0.63,0.78,-0.02,88
000106.640,0.64,0.77,-0.06,91
000106.740,0.64,0.78,-0.15,65
000106.840,0.61,0.82,-0.03,61
000106.940,0.62,0.79,-0.06,93
000107.050,0.63,0.78,-0.16,62
000107.150,0.64,0.78,-0.15,95
000107.250,0.65,0.75,-0.22,63
000107.350,0.62,0.78,-0.06,55
000107.450,0.59,0.81,0.04,62
000107.550,0.57,0.84,0.13,58
000107.650,0.57,0.84,0.13,85
000107.750,0.56,0.85,0.19,60
000107.850,0.58,0.83,0.10,91
000107.950,0.62,0.80,-0.02,71
000108.050,0.64,0.79,-0.12,63
000108.150,0.65,0.77,-0.11,98
000108.250,0.65,0.76,-0.14,84
000108.350,0.62,0.79,-0.01,60
000108.450,0.63,0.78,-0.12,62
000108.550,0.64,0.78,-0.11,96
000108.650,0.65,0.76,-0.19,63
000108.750,0.67,0.74,-0.25,65
000108.850,0.64,0.79,-0.29,55
000108.950,0.61,0.82,-0.12,57
000109.050,0.62,0.80,-0.15,89
000109.150,0.59,0.83,-0.02,58
000109.250,0.62,0.80,-0.12,65
000109.350,0.60,0.81,-0.07,87
000109.450,0.62,0.80,-0.16,63
000109.550,0.59,0.84,-0.03,59
000109.650,0.59,0.83,0.04,80
000109.750,0.55,0.85,0.11,60
000109.850,0.59,0.81,0.03,89
000109.950,0.57,0.83,0.13,54
000110.050,0.56,0.85,0.20,56
000110.150,0.54,0.87,0.26,51
000110.250,0.54,0.87,0.29,59
000110.350,0.54,0.88,0.32,57
000110.450,0.58,0.85,0.21,95
000110.550,0.60,0.82,0.09,82
000110.650,0.64,0.78,-0.03,69
000110.750,0.65,0.77,-0.06,94
000110.850,0.61,0.80,0.06,53
000110.950,0.58,0.84,0.14,55
000111.050,0.56,0.86,0.21,55
000111.150,0.59,0.84,0.10,86
000111.250,0.60,0.82,-0.00,81
000111.350,0.56,0.84,0.10,52
000111.450,0.59,0.81,0.03,90
000111.550,0.62,0.78,-0.00,97
000111.650,0.64,0.77,-0.11,63
000111.750,0.60,0.80,0.01,58
000111.850,0.60,0.80,-0.07,78
000111.960,0.63,0.79,-0.16,62
000112.060,0.61,0.81,-0.02,61
000112.160,0.63,0.78,-0.02,99
000112.260,0.64,0.78,-0.05,92
000112.360,0.64,0.77,-0.08,93
000112.460,0.67,0.75,-0.17,64
000112.560,0.62,0.81,-0.21,57
000112.660,0.59,0.84,-0.05,52
000112.760,0.56,0.86,0.05,55
000112.860,0.59,0.82,-0.03,81
000112.960,0.57,0.84,0.08,55
000113.060,0.60,0.81,-0.05,63
000113.160,0.63,0.78,-0.13,70
000113.260,0.59,0.83,-0.02,60
000113.360,0.60,0.80,-0.07,89
000113.460,0.57,0.84,0.03,60
000113.560,0.62,0.80,-0.08,67
000113.660,0.59,0.82,0.03,60
000113.760,0.60,0.80,-0.01,94
000113.860,0.58,0.82,0.09,56
000113.960,0.56,0.85,0.18,52
000114.060,0.60,0.82,0.03,64
000114.160,0.61,0.79,-0.04,84
000114.260,0.64,0.77,-0.09,88
000114.360,0.65,0.76,-0.11,90
000114.460,0.62,0.80,0.00,60
000114.560,0.64,0.78,-0.05,89
000114.660,0.61,0.81,0.07,55
000114.760,0.58,0.84,0.14,57
000114.860,0.58,0.82,0.10,95
000114.960,0.56,0.85,0.17,57
000115.060,0.59,0.82,0.08,91
000115.160,0.62,0.79,0.02,92
000115.260,0.64,0.77,-0.03,93
000115.360,0.59,0.80,0.09,51
000115.460,0.57,0.84,0.17,53
000115.560,0.55,0.86,0.23,51
000115.660,0.53,0.87,0.26,59
000115.760,0.53,0.87,0.25,78
000115.860,0.56,0.85,0.12,82
000115.960,0.59,0.83,0.03,86
000116.060,0.61,0.80,-0.02,92
000116.160,0.58,0.84,0.07,57
000116.260,0.58,0.85,0.14,70
000116.360,0.60,0.82,0.06,92
000116.460,0.62,0.79,0.03,98
000116.560,0.63,0.78,-0.08,65
000116.660,0.63,0.77,-0.13,85
000116.760,0.60,0.80,0.01,53
000116.860,0.60,0.79,-0.06,82
000116.970,0.62,0.77,-0.10,87
000117.070,0.63,0.77,-0.11,93
000117.170,0.63,0.76,-0.16,79
000117.270,0.59,0.80,-0.03,54
000117.370,0.61,0.78,-0.07,92
000117.470,0.62,0.76,-0.12,84
000117.570,0.59,0.79,0.02,54
000117.670,0.61,0.78,-0.06,79
000117.770,0.62,0.77,-0.09,92
000117.870,0.62,0.77,-0.14,80
000117.970,0.59,0.81,-0.01,58
000118.070,0.63,0.78,-0.11,68
000118.170,0.65,0.76,-0.15,83
000118.270,0.64,0.79,-0.01,59
000118.370,0.65,0.77,-0.07,86
000118.470,0.66,0.76,-0.16,63
000118.570,0.67,0.75,-0.01,63
000118.670,0.65,0.77,-0.04,87
000118.770,0.61,0.79,0.03,75
000118.870,0.58,0.83,0.11,58
000118.970,0.59,0.82,0.02,82
000119.070,0.57,0.84,0.10,61
000119.170,0.56,0.86,0.17,59
000119.270,0.53,0.88,0.22,56
000119.370,0.56,0.84,0.09,81
000119.470,0.55,0.86,0.17,50
000119.570,0.54,0.88,0.22,60
000119.670,0.52,0.90,0.25,59
000119.770,0.52,0.89,0.20,86
000119.870,0.51,0.89,0.25,55
000119.970,0.52,0.89,0.30,56
000120.070,0.51,0.90,0.31,57
000120.170,0.55,0.85,0.23,99
000120.270,0.59,0.81,0.16,98
000120.370,0.59,0.83,0.16,85
000120.470,0.58,0.84,0.22,62
000120.570,0.60,0.81,0.06,67
000120.670,0.58,0.81,0.09,84
000120.770,0.61,0.78,0.05,97
000120.870,0.62,0.77,0.01,96
000120.970,0.63,0.77,-0.01,98
000121.070,0.65,0.76,-0.05,93
000121.170,0.60,0.80,0.06,55
000121.270,0.64,0.78,-0.06,66
000121.370,0.60,0.81,0.06,54
000121.470,0.58,0.83,0.15,55
000121.570,0.57,0.85,0.21,58
000121.670,0.59,0.82,0.10,88
000121.770,0.57,0.85,0.16,60
000121.880,0.59,0.81,0.06,85
000121.980,0.57,0.83,0.15,55
000122.080,0.55,0.86,0.21,54
000122.180,0.54,0.87,0.26,55
000122.280,0.54,0.86,0.22,87
000122.380,0.58,0.82,0.06,63
000122.480,0.62,0.80,-0.06,65
000122.580,0.59,0.83,0.06,54
000122.680,0.59,0.82,0.12,74
000122.780,0.56,0.85,0.18,56
000122.880,0.54,0.86,0.24,56
000122.980,0.53,0.87,0.28,55
000123.080,0.54,0.87,0.31,59
000123.180,0.53,0.88,0.33,57
000123.280,0.58,0.84,0.17,76
000123.380,0.57,0.86,0.22,60
000123.480,0.54,0.86,0.27,53
000123.580,0.58,0.84,0.18,95
000123.680,0.61,0.81,0.10,93
000123.780,0.57,0.84,0.17,53
000123.880,0.57,0.84,0.23,58
000123.980,0.59,0.82,0.07,62
000124.080,0.61,0.80,-0.02,81
000124.180,0.62,0.79,-0.05,93
000124.280,0.58,0.81,0.05,59
000124.380,0.61,0.78,-0.01,89
000124.480,0.58,0.82,0.07,58
000124.580,0.59,0.80,-0.00,87
000124.680,0.62,0.78,-0.03,96
000124.780,0.64,0.77,-0.13,64
000124.880,0.64,0.76,-0.17,79
000124.980,0.60,0.80,-0.04,60
000125.080,0.57,0.83,0.06,55
000125.180,0.60,0.81,-0.06,62
000125.280,0.63,0.78,-0.09,94
000125.380,0.63,0.77,-0.12,86
000125.480,0.60,0.80,0.00,60
000125.580,0.58,0.82,0.11,55
000125.680,0.56,0.84,0.19,54
000125.780,0.59,0.81,0.03,64
000125.880,0.60,0.79,-0.03,87
000125.980,0.61,0.78,-0.07,89
000126.080,0.62,0.77,-0.08,96
000126.180,0.58,0.80,0.04,55
000126.280,0.55,0.84,0.13,52
000126.380,0.54,0.86,0.18,59
000126.480,0.55,0.85,0.17,91
000126.580,0.58,0.81,0.02,66
000126.680,0.60,0.80,-0.06,81
000126.780,0.59,0.81,0.07,57
000126.890,0.53,0.88,0.15,32
000126.990,0.56,0.84,0.11,98
000127.090,0.60,0.81,0.05,96
000127.190,0.61,0.79,0.02,97
000127.290,0.60,0.81,0.12,57
000127.390,0.62,0.79,-0.01,65
000127.490,0.64,0.78,-0.06,90
000127.590,0.67,0.77,-0.09,89
000127.690,0.67,0.75,0.01,82
000127.790,0.62,0.80,-0.08,59
000127.890,0.64,0.80,-0.17,61
000127.990,0.61,0.83,-0.04,62
000128.090,0.63,0.81,-0.09,85
000128.190,0.60,0.83,0.02,60
000128.290,0.57,0.86,0.10,59
000128.390,0.58,0.83,0.01,82
000128.490,0.56,0.86,0.09,58
000128.590,0.54,0.87,0.17,53
000128.690,0.54,0.88,0.23,57
000128.790,0.52,0.89,0.28,50
000128.890,0.55,0.86,0.18,95
000128.990,0.55,0.86,0.24,58
000129.090,0.55,0.86,0.28,60
000129.190,0.57,0.84,0.16,88
000129.290,0.55,0.86,0.21,58
000129.390,0.54,0.87,0.26,55
000129.490,0.57,0.83,0.14,88
000129.590,0.55,0.85,0.20,57
000129.690,0.55,0.86,0.24,62
000129.790,0.54,0.89,0.27,59
000129.890,0.54,0.90,0.30,53
000129.990,0.53,0.90,0.32,58
000130.090,0.53,0.90,0.34,57
000130.190,0.53,0.89,0.37,56
000130.290,0.57,0.85,0.17,64
000130.390,0.59,0.82,0.08,89
000130.490,0.58,0.84,0.15,61
000130.590,0.55,0.85,0.21,55
000130.690,0.60,0.81,0.06,70
000130.790,0.63,0.79,-0.06,63
000130.890,0.60,0.82,0.04,59
000130.990,0.61,0.81,-0.01,92
000131.090,0.63,0.79,-0.10,68
000131.190,0.65,0.78,-0.18,64
000131.290,0.65,0.77,-0.18,92
000131.390,0.67,0.75,-0.24,66
000131.490,0.62,0.80,-0.28,54
000131.590,0.65,0.77,-0.27,84
000131.690,0.64,0.77,-0.26,87
000131.790,0.66,0.74,-0.22,96
000131.890,0.62,0.79,-0.08,61
000132.000,0.64,0.77,-0.16,69
000132.100,0.59,0.82,-0.03,55
000132.200,0.63,0.80,-0.06,92
000132.300,0.64,0.77,-0.15,65
000132.400,0.65,0.77,-0.19,81
000132.500,0.60,0.81,-0.05,57
000132.600,0.58,0.81,0.03,76
000132.700,0.60,0.80,-0.04,86
000132.800,0.57,0.82,0.07,56
000132.900,0.56,0.85,0.14,62
000133.000,0.53,0.87,0.20,51
000133.100,0.56,0.84,0.10,90
000133.200,0.59,0.82,-0.03,65
000133.300,0.58,0.82,0.03,82
000133.400,0.62,0.79,-0.08,67
000133.500,0.63,0.78,-0.12,84
000133.600,0.63,0.78,-0.17,78
000133.700,0.60,0.80,-0.02,56
000133.800,0.59,0.82,0.03,83
000133.900,0.59,0.83,0.11,63
000134.000,0.56,0.86,0.18,55
000134.100,0.58,0.84,0.08,84
000134.200,0.58,0.86,0.14,66
000134.300,0.61,0.82,0.07,94
000134.400,0.60,0.83,0.16,60
000134.500,0.58,0.85,0.22,57
000134.600,0.62,0.80,0.07,73
000134.700,0.64,0.78,-0.05,63
000134.800,0.63,0.79,0.01,85
000134.900,0.60,0.81,0.11,60
000135.000,0.62,0.79,0.04,92
000135.100,0.64,0.77,-0.04,84
000135.200,0.61,0.81,0.06,59
000135.300,0.62,0.78,0.00,92
000135.400,0.60,0.82,0.10,59
000135.500,0.63,0.79,0.05,95
000135.600,0.58,0.82,0.13,55
000135.700,0.60,0.80,0.06,93
000135.800,0.62,0.79,-0.06,64
000135.900,0.58,0.82,0.05,56
000136.000,0.60,0.80,-0.03,84
000136.100,0.61,0.79,-0.13,62
000136.200,0.59,0.81,-0.00,59
000136.300,0.60,0.80,-0.06,86
000136.400,0.57,0.83,0.04,58
000136.500,0.59,0.81,-0.04,83
000136.600,0.56,0.84,0.07,50
000136.700,0.59,0.81,0.02,93
000136.800,0.62,0.80,-0.09,65
000136.900,0.58,0.83,0.02,56
000137.000,0.61,0.81,-0.02,93
000137.110,0.62,0.80,-0.12,62
000137.210,0.59,0.82,0.01,60
000137.310,0.58,0.82,0.06,81
000137.410,0.55,0.85,0.13,57
000137.510,0.59,0.82,0.06,93
000137.610,0.61,0.79,-0.01,89
000137.710,0.64,0.78,-0.12,62
000137.810,0.60,0.82,-0.01,60
000137.910,0.58,0.85,0.08,62
000138.010,0.60,0.82,0.00,87
000138.110,0.61,0.81,-0.07,80
000138.210,0.58,0.83,0.04,58
000138.310,0.60,0.82,0.10,82
000138.410,0.63,0.81,-0.03,66
000138.510,0.65,0.79,-0.13,63
000138.610,0.66,0.79,-0.20,66
000138.710,0.65,0.77,-0.22,84
000138.810,0.61,0.80,-0.05,52
000138.910,0.63,0.79,-0.15,64
000139.010,0.60,0.83,-0.01,53
000139.110,0.62,0.81,-0.10,74
000139.210,0.60,0.83,0.02,61
000139.310,0.63,0.81,-0.00,97
000139.410,0.59,0.83,0.10,54
000139.510,0.62,0.80,-0.03,64
000139.610,0.65,0.78,-0.13,64
000139.710,0.65,0.78,-0.21,62
000139.810,0.65,0.78,-0.23,82
000139.910,0.63,0.81,-0.06,56
000140.010,0.62,0.79,-0.12,78
000140.110,0.62,0.79,-0.17,78
000140.210,0.64,0.78,-0.24,62
000140.310,0.62,0.78,-0.24,81
000140.410,0.64,0.76,-0.23,92
000140.510,0.61,0.79,-0.06,54
000140.610,0.63,0.77,-0.10,91
000140.710,0.60,0.81,0.02,57
000140.810,0.62,0.79,-0.03,91
000140.910,0.64,0.77,-0.13,65
000141.010,0.62,0.79,-0.03,76
000141.110,0.64,0.77,-0.06,94
000141.210,0.67,0.75,-0.14,67
000141.310,0.63,0.81,-0.19,57
000141.410,0.58,0.84,-0.05,53
000141.510,0.60,0.82,-0.06,96
000141.610,0.57,0.84,0.05,56
000141.710,0.60,0.82,-0.07,64
000141.810,0.56,0.84,0.04,58
000141.910,0.54,0.86,0.13,53
000142.010,0.59,0.82,0.07,95
000142.110,0.57,0.86,0.15,55
000142.220,0.59,0.83,0.05,88
000142.320,0.59,0.82,0.09,86
000142.420,0.62,0.80,0.02,92
000142.520,0.59,0.83,0.11,60
000142.620,0.62,0.79,0.02,84
000142.720,0.63,0.77,-0.05,86
000142.820,0.63,0.80,-0.14,60
000142.920,0.61,0.81,-0.04,76
000143.020,0.63,0.79,-0.14,62
000143.120,0.61,0.82,-0.06,76
000143.220,0.59,0.85,0.05,59
000143.320,0.61,0.82,-0.07,67
000143.420,0.61,0.80,-0.12,81
000143.520,0.60,0.83,0.01,57
000143.620,0.62,0.81,-0.04,91
000143.720,0.58,0.84,0.06,61
000143.820,0.56,0.85,0.14,57
000143.920,0.54,0.85,0.16,76
000144.020,0.53,0.86,0.23,54
000144.120,0.52,0.88,0.26,57
000144.220,0.52,0.88,0.29,61
000144.320,0.51,0.90,0.31,53
000144.420,0.50,0.89,0.34,53
000144.520,0.54,0.85,0.19,81
000144.620,0.51,0.87,0.24,51
000144.720,0.56,0.84,0.07,62
000144.820,0.58,0.81,-0.02,79
000144.920,0.56,0.83,0.09,55
000145.020,0.55,0.85,0.17,54
000145.120,0.54,0.87,0.23,55
000145.220,0.57,0.84,0.11,86
000145.320,0.60,0.81,0.02,84
000145.420,0.59,0.81,0.09,74
000145.520,0.61,0.79,0.00,84
000145.620,0.64,0.77,-0.11,64
000145.720,0.61,0.80,0.02,58
000145.820,0.59,0.83,0.11,58
000145.920,0.62,0.80,0.07,97
000146.020,0.59,0.83,0.15,53
000146.120,0.62,0.81,0.06,87
000146.220,0.58,0.84,0.14,54
000146.320,0.55,0.86,0.20,56
000146.420,0.59,0.83,0.04,63
000146.520,0.62,0.80,-0.08,62
000146.620,0.64,0.78,-0.13,80
000146.720,0.65,0.78,-0.13,93
000146.820,0.65,0.77,-0.20,66
000146.920,0.61,0.80,-0.06,59
000147.020,0.58,0.84,0.06,50
000147.120,0.61,0.80,-0.02,86
000147.220,0.58,0.83,0.09,57
000147.330,0.57,0.84,0.16,59
000147.430,0.56,0.85,0.22,60
000147.530,0.55,0.87,0.26,59
000147.630,0.59,0.82,0.15,92
000147.730,0.61,0.79,0.00,65
000147.830,0.63,0.78,-0.10,66
000147.930,0.66,0.77,-0.18,64
000148.030,0.65,0.77,-0.21,78
000148.130,0.63,0.80,-0.06,58
000148.230,0.63,0.79,-0.10,88
000148.330,0.59,0.81,-0.04,80
000148.430,0.61,0.80,-0.05,97
000148.530,0.64,0.77,-0.05,98
000148.630,,,,
